Tharun,44,Traditional Learning,0,3.64,64
Yuvaraj T ,5,Traditional Learning,0,3.68,63
yuthikshaa,4,Traditional Learning,0.0,0.46,0.18
jayaram,5,Traditional Learning,0.8,-0.02,0.47
vignesh,5,Traditional Learning,0.92,0.09,0.59
Yuvaraj T ,6,Traditional Learning,0.85,-0.45,0.33,-0.45,0.2
sasikala,5,Traditional Learning,0.85,0.27,0.62,0.27,0.56
Jayaseelan A,5-A,Traditional Learning,0.77,0,0.46,-0.41,0.18
Joshwa M,5-A,Traditional Learning,0.92,0,0.55,-0.42,0.25
Priya,5-A,Traditional Learning,0.92,0,0.55,-0.42,0.25
Sakshi,44,Traditional Learning,0,3.64,64